first,last,website,twitter,img
lwin,moe,lw.itbankus.com,alex,https://encrypted-tbn0.gstatic.com/images?q=tbn%3AANd9GcRgjgMgZIo31SPc5QTU3wLWeQlEiXqqQiWEAQ&usqp=CAU
john,simth,johnsmith.com,johnsmith,"data:image/jpeg;base64,/9j/4AAQSkZJRgABAQAAAQABAAD/2wCEAAkGBxITEhUSEhIVFRUVFxcVFRUVFRUVFRUVFRUXFxUVFRcYHSggGBolHRUVITEhJSkrLi4uFx8zODMsNygtLisBCgoKDg0OGhAQGy0lICUvLS8tLS0uLS0tLSsvLS0tLS0tLS0tLS0tLS0tLS0tLS0tLS0tLS0tLS0tLS0tLS0tLf/AABEIAPcAzAMBIgACEQEDEQH/xAAcAAACAwEBAQEAAAAAAAAAAAADBAIFBgEABwj/xABAEAACAQIEAwUFBQYGAQUAAAABAgADEQQSITEFQVEGYXGBkRMiMqGxB0LB0fAjUmJyguEUM5KiwvFDFVNzssP/xAAbAQACAwEBAQAAAAAAAAAAAAAAAQIDBAUGB//EACwRAAICAQQBAgYBBQEAAAAAAAABAhEDBBIhMUEisQUGE1FhgaE0YnGRwSP/2gAMAwEAAhEDEQA/AMcqw6LOIsYRZEkeRIZUnUSGVYAcVIVVklWECwGRCzuWTCzuWAA8s9lhLTloADyz2WSaQNVRuQOevSAHcs9lgaeOpNtUU274wjA7G8AIZZzLDZZy0ABZZwrDZZ3LABZkgykbKQbJAQoywbLG2WCdYAKMsGyxllgmWAACJC0ORB2hYBkWMU1kKaximsAJosKqzyLDKsBnFWTAklElaAEbTkjXqqouTaZfjPHnzZaZygbk7k+PSIKL3GcSpU9HbXoNT8pnuJ9pibrTGUfvczrpbkJVGm5JcsxPM/TWETB31y3O+9v+4rJKJFuJMfidm7s2YflC0MSc1wcp30sD5sdfnPIibEZWHJgLRihRyahd+YsTr9PrFZJIFWwjklmYlr6AnXwuTYc4KjiHRtajJ3NmXbvAIj1RRf3SVHNbAH8Lzr4drG1QeDLY/hr6mKyW2x7D9oCulRSwH31ykediQPWXWGrq4DKbgzKVEYAXtsN1OvmDY+cCjvTb2lKw6jcekakRlA3IE7llZwPi4rCzDK45cj3i8uQskV0AKyDLGSsGyxgLMkC6xxlgnWACTrAssbdYFlgIVZZAiMMsGRABimsYRYNBGEWAyaCFAnFEKoiA8okiJJRIYj4TrbSAGW7R4vUgctL326/nK/h3DjV5/I9e+SyGtUuBoSSL8ges2PCsGFAAEpy5NpqwYd7FMLwFVCjU8jpvJ4nsw5sU1FhoOXf+uk1OFpS0oUpj+u0dB6aNHzU4RqdhXp5l5MVDW7rEH84+vCKRH7LKDuDqdbeIy+gm/r4ZSACoIiNTg9MjRAPCSWoK3pU2fPavDgpsSelibi/Ozcj+tYm9O1hcG3gBb8D4Tf43s2tQbkd+/wBZVt2KBNzVPgoA+ZvJrULyJ6V+DKigx0UX6WG48DAY/DmkwDrZTbUE2O3UafO0+hYbglOmAALnq2pNvlFOLYFWBVhcH9ERLUcknpOOez5tUxOS5W+bNe/X+9vXym94ViBUpqwa9xfv8D9Jh+McJakWy3K+unL0jPZrHNQAuboW99eajbOO61j4A9Jsi7OZONOjdMsGVh5zLJFYsywTLG3WCZYwE3WAdY46wDrAQoywREZdYIiADFNYwgg6axhBEMkohVEiBJrACQEhiVujctD5aQyiJ8Za1Jure6PP+14gKLglC1ugFh+c2GEp7TOcPpZQPKazA09AZz8z5OvplUSwwtOWNKnE6UdpNM5qb4JlNZJQJ4GdvHRB2camJB6emsMDItHQk2V9aleVONpbTQVV0lJi1112Ej0XJ2jO47C3BYC42YdVI1Hd1mPq8OKsSjXXWwsb9SO4Wv6ifQaoI1A1H0lTicGpVmQatfTpfRrepPnN+CdqjmaqFOyfAaxaioJuV92/MgAWJHLQiWVohwillzL3g+v6AllaajAwTLBMsZIg2WAhR1gHWOOsC6xgJOsCVjjrAFYAHRYdFkEEOqyIHgIRVnlWFVYAeAlVxxtaa9ST3aWA+pl0qyg7SMRUp+B9bxPolHsLSXUCabBEACZjCHWaPh73tOdPk7GLhFmkcQGDwyiN5R18pCi3ciAFp3aF9ntPCnDayO5EUnGJ5Tv+JUbkC3UgTrYumdbjxBEdCvkBWN5UYwR6tj6X7412vEcT0kGi1dFc29usrmW+YDe9+69vxt85ZOspcbWKtddxb1JAEv079Rm1auJarRsQR95Rf0A/4wuWAwLXym97qLnvBNvq0cyzonIYLLIMsYtIlYCFHWAdY6ywDrABN1gSscdYArGBNBDosiiwyLIgdVYZVnFWFVYDOKszvazR6XfcehWaOrUVBdjYfrpM/wBpqiVBSdGzANbTkTbQjcGw+Ui+qJRTtMghtHKOYlSC1j+7a/dvFaNAsQOsucG60yA2wNgBqSd7D85jR0yDYbFi5zNktpa5a/eNLRnhmLq2AYm45t8QPf1HlpC1e2CJoB6Kz25crDfTQmNJxhKo1phhzsCri2h9xhc27ieUk066EqvsuaGKzASVesQpsJQ4bFKtQKDdW+GX1Qi0ofDNCSoyePwzudLk9L20I1Fh36TuD4JWP8PcLDTp4RzEYwoTlErcR2pemC5zFRe+RAQLb+8xsfKXRcnwkVTjGPqkWH/pIp/Et77nfwt0G09lJUjpsecCnapX91sysLErVVVFmAIs6aC+Yb332lhgnDg2Hkdx4yM006ZKDTjcSsKnn1PlKTi1G7EHYga7e8uo/H1mpxOHsZRcWw5ZSBvuPLe3lI4nUwzq8YHs49zpewU3vyJK/gPnL20zfZem4FV7gDTU8tyfrNBw3Ee0QNr5i3Tl5zesictpzJ4ZKG99BLSJEPlkSsmUCzLAusbZYJlgAm6wJSOOsCVgBxBDosjTWHRYhnUWGVZxVhVWAFT2jU+xzKbFSD105zN18OrFXA5gny6/rnNtjsPnpuvVT6jUTHULimL98z5eJWbtP6sbiXWAW+0nXwWd/e2HeR4wnCafugy6p4e+omdSpmpRtFLxDgVOqoVgygZbFDYjKcwKkEEEHvl3hMGgpGmDu/tMze81yAL366edzGKWG/hna9MqLy76rapkfoRT3JclPjLe1QDXLuToT3m0tjUNrSgNQ5798uainKpmafZpxx4BcQwwZbG47xfbobSsxOEDoKRF1FwBdRowsRa228vqDXFjOnCd15bCddEZQTW2XKKjh3A6FNctOmFFrbg+Omw6y1w2Hy7aRpKduQjCUdLmKc3J8ijGMFSK3FIJQ41spP65GaDHG0zHFTKk+eCTjapjeDwqqoCiwWxbv94aE89/9stXw4QlVFh/aK8Pqrc02FiwGp+8Cv5kx5LnffY+O5+ZM0YX6zNq1WFACs4VjBWQKzYcoWZYJljTLBMsYhVlgisadYEiAA6YjCLB0xGEEiMkohlWcRYZVgB5RPnfaFSuKFIaKX28Wvb0M+kqsyfajABq1yBqoYHvUW/ASvL1Zq0sqk1+B3hzCwE0eFFhMbgMTY6zV4LEAiYWjqQ6LANEuJ1vcOsk9e28zXaHiRDqPui5PjyjStkmqPYZyW1Fuk0x1p7bTH8J4tTqOL3Wxsb87c/Ca+pxCkqNci1usk4gn9hSlUtaWNKqLdJlqXGkLZArnocjW8jaXyUMyaHX6HpI7aJyosKaX2MNXWwmep8QZHyOLHl3946yyr4vQHrDiitxbapgsWLzOcTH1/CXNbGA7fKU+N2lSfJOS4Lx6Yb2aqNVAYnoMoveGwxzBm5FiR4QGDb3SSbELY+GU/haO4OmQgvudT/USbfObMHMrMGtl/5qP5IlZBljLLBss1HMFWWCZY2ywDLGAqwgisaZYMrAQCmIxTWCpiM0xEMmgh1WRQQyiAHlEQ47gDUQFRdkNwOZHMD9cpZqsIqxNWhxk4u0YJMDnpsdQQT8iL39Y7wrOPd1uJZ4elarXpnmzEeDi4+sJwZQTrvax8Zz5cNo7UHaTQAuy6sdfpK/G0s8vOO4U5bqLkC4/KYPC9o2NY0Ww9RXHI5dr2HPWWQVqxSk/IzV4E17pvNHwTgxsDWa55dPnF6GOAuWDIBa5INve212jlDiVO4s2Y9B8RPS28ssIxdcFzXwiLpbXxkUa2gihr1H+ChUNiFNxYBjsDe3dPYzh2NAYhKYyk3LVDbRcxO22wkHz0F7Vyw2KoU6gysobn4eB5GAbDFQF1I5X3iPZnEV6qB69L2bH7twdOXymkqAAXEpn2TiyjbBgXtoToe+V+MHvS9deolDxJrsFB1JsPE6D8JUlbLW+LZdYDBuxDOuVcoBBIJa1uh205/9W5WHyWkCs6sYKPRwcmWWR2wBWDZYwwg2EkVizCBdY0wgmEAFGEGRGXWDIgApTEaQQFMRqmIAFQQyiQQQyiAElEIBOKIRRACl41SKOlYbaI//ABPzI8xFc4p1gw+Bzf1/vNJWoB1KMLhhYzL1sOVDUH+JfeRuTDkRMmeFPcjoaXJa2vwaI5WBBsZk+K8MVzroym6sNGGuljLjh2MuqnyPjPY2leVQlTNtcAeF8Zemns6tAVVtTUspUMcp95ijaaCxFjqem8047QYX2itlbZhm9k1xqumgvrY+ky1Kgw5RmjUYHvHSX8Mqlgxy+5d8Q7TaMKFMkkg5mFlvp8QOvK0rzVq1j+1N1uWCiwAudAetpL2zMADc+MZoJYd8UpfYIYoQXC5OPQG409IPFNsojFRrC+8VSwux8vLeZ5E0J4s5FN9Jn+Ej22LpjkGzf6AW/wCMY4/xAs2RPPoIx2Iw49s7fuJYeLEa+djJYYepENROoM15WQIhyINhOgccAwg2EOwg2EAF2EEwjBEEwgABhBFYwwkLQARpCNUxF6YjVMQAKghlEGgh1gBNRCgSKCFUQA6olb2iwmaiXUe/T95fAfEPMS0Ak7RNWqHGTi7R834bj/eZToG1HcZpMPUDLbnMjx7A+xrug0AN1/lbVfrbyMd4PxTZW3HzmGUKOxiyJmlVe+Fp07G8Wo1QdbxylXQbmOJe68DSrYbzqnn6QK115EGJ8Q4kqiDKmhjG17AAbk2lXxbH5VyrvtEjjCTm58u6L0KTVHvyEjt+4rAJR5nUnVj9BLbsnWKVmB2YC/S4aw/+0Wqp08vzjnCMASHrXsmUoo5t1PheatHD6mZLxz7GbXTUNO3/AI9zYGQInzw9tmwFf2GLDPQb3qNZRd0Un4XH3wp0uNbW3m+wmKSqi1KbB0cXVlNwQeYmnJjcJNM5cZKStHHEhaGeQtIEwDCCYRhhBMIAAYQdodhAsIAJUxGkEXpRlIgDIIZRBoIZYxBUEKBIIIUCIZJRJCcEzPb3tSuCw7ZHX/EOMtNLgst//IR0AuRfc2EaQii7c46m+IGQgmmDSqEbZwQ2W/O2fXvuOUoCh3HyivZnCGrggSTmL1HDHU3zkXJ53tHOHnNpbXYjwi1OBwqfhmnSZVO4eUM0OIVF218YdePuN0v4TiYe5j2H4ZflM/pNsZSQKnxmq/wpl72/KGSkxOZjc9fy6Rujwy3KP0sJpHcUDbZWUsPm0tLJqaouUecKECLcyw4bwRqlnq3VeSfebx6D5+EjGEssqRHLmhhjukVuA4U1U32TYnr1VfxMuscgChFFgNAO4S1NIKLAWA0AHKVuME7ekxRx9Hm9Xqp53b68IwH2k8D9vhSV+OleoveApzp5j5gTE9ne1eIwJUUzmp6Z6TfCdNSp+63ePMGfQ+3XEBTwz9an7Nf6r5v9oYz4/itZPWRV/knpW9p+ieC8Vp4qilekbq3I7qw+JG7x+R2MdYT4X2B7UHBVrOSaFQgVVGuXkKqjqOfUdSBPuiVFYBlIZWAKsDcEEXBBG4InMlGjamCYQTCHYQTCIYFoIiGaCMBCVIRhIvTjKRAHSGWCSJ8W47h8KL16qqdwu7t4INT47RgXCSOMxlKihqVai00H3nYKPC5590+W8b+1Co11wlMUx/7lSzP5J8K+ZaYbH42rWf2leo9R+rkm3cOSjuEmoNibPpHa37TAAaWB1POuy6D/AONGGp/iYeR3ny3GVnqFndizNqzMSST1JO5nSJDfQSxRSItn0T7OKgfDKvNGdT/qLD5MJqa/ZoOfaUyEqdfuv0zDke8ed5hfsyrZfar0qA+qqPwn17BaidKMYzw1JWYJZJYsu6LpmLr0WptkqKVfoeY6qeY7xLfhVcWsZp8ZgUrJ7OoLjkeanqp5GY7EcMq4djmuyDZx0/i6H6zkZtJSuJ2dLr45Htnwy6e2lvwhkuSFUEsdgPmT0EQwINRgqc9MzHTwHU9wmvwGEWkthvzPMn9cpTj00pcy6LdVrYYVUeWK8O4OqEPU99xt+6v8o5nvPylmZ0tBtN8IKKpHBy5ZZJbpO2CrGVXEdAZaNKjjLhVLNoqgsT0VRcn0BmvD2Z2fI/tB4lnriiPhojXvqOAT6DKPHNMdUjdXFGoz1G+J2Zz4sSx+sVYSjLPfJs6WOO2KQO013Y7tvVwdqbg1aGvuaZ0vremTy/hOnhrfKWk1EpcbLEz73wTtJhcWP2FUFrXNNvdqD+k7jvFx3yxafm0MVa4JBBuCNCDyIPKa/gf2h4qjZatq6D982qAd1Tn/AFAyl466JqR9dYQLSn4H2twuKsEfJUP/AI6llb+nk3kb+EuGkRiVKJcY7SYbCj9rUGblTX3nPly8TYT5txjttiat1pn2KHkh98+L7+lpmSSTcyax/cTkbHjf2h4irdaI9gnUHNUI/m+75C46zIVKjMSzEsxNySSST1JO8jJCWKKRCyVIj851oB15g2M8WNtfO0YHXfpPUoOFoxga3sZTKszcmsfMaT67wqsCgPd5C0wPZfCD2CG2pA+ev4zRcVwrNRND7pH7Sxtm/guOXXrOrDH6VE5uSVysqe0X2oKpNLBBXINjWbVL8xTX738x07jKTD9qca2rYioSwsbNbqbAWCjyA37pm8ZglRyuQi2tzbr15mN0QRbTTn6TgfEJZMeTbu/1we9+XNJpsuBzeNOnVtJ/v+R/iVQ1/wDOdnA199i1j1BJuO6G4R20xeE/y6hr013o1iW05+zqH318NR3St4pUC07ddP1p+rxfs9wqtin9nSS9vibXKg2BZvXTnM2GeVv0tnT+I6fRbNmWEUq7qq/aPtnYztxheILamSlVRdqL2DgDdlto69487TRuZ+buJcAxGDqiojFWRsyupswYcxPrfYLtsMYopVrJiVGoGi1QN2Toeonb+lJLk+aZoRtvG7Rs5ivtTx4pYJx96sRRXwa5qf7FceYm1BnxD7VONDEYz2SG9PDg09NjUJvVPkQq+KGK6IYY7pGNAnmk5yVG8GDCCRqOBv6bwRxJ5DzP5QAjWGvl9JycNzuZ0yIzl5d4PtbjaahExDZRtmCuR3XcE27pSTki0Fnp607aeMkI8J0z1tJFToIAdJgxJNIrACJhqIgTGKMEB9q7F4IihSLDdFI/h90WPj9JYcSUop0v9Za8IpBaVNeiKPRRJ8RprkYnYAzqxyVI48uXZ8V7Q4gNU00F9b6bQGCcX6gWvbYePTaWPFKX7VqjL7oW687qWIzDzUiKcPoj4iN7nYWBOt/pPNfEMinqJNeOD6r8v6d4dFD+62/+fxQ5wzg5xuJWkDamoLuw1st7WU7ZidPXpPqvDOG08PTFOigRR03J6k7k98y32Y0/fxJIG1G2gFgTWvr00E+gBbzo6GMY4k/LPI/MmonPWyxt8Rrj9J2UWO4WtXRkBiTdhqD2Kg03XVaiGzA8jNhToczC2tNrzvweePnHF+21XBLVwuJ1xApFsNXRbrVv7qtUH3WB1PI5T3CfJASSSSSTqSdSTzJPMy97d8U/xOOrODdUPsk/lpkgkeLZj5iUdpnyO5G3FDbE9ecM6Z5l0vKy0G63gyIa8iwiAFaeIkiLG040QEZEyU4REMnaRtOz0YjpECPznp6AHTImdnoARbeMUhpPT0I9gz9IYb/LT+UfSU3bXiZpYZiN7H15T09N8nUZSXhP2MOlgp5oRl02vc+Rir+zIJJJNv16n1lhhDcAaactb2tr5XE9PTyjPsmJd/hGt+zrE5a9debU0f8A0sR/+k+l4HXWenp3NJ/TL9nzX5kSXxGf69hwjlM/244r/hcFWqj4guVO53IRD5Eg+U7PSyHZw0uUfndVsJ6dnpE3nDJU3tof1feenoDI1bDaDJtPT0QA7TjT09EB6cM9PQA//9k="
alan,smith,alansmith.com,alansmith,https://encrypted-tbn0.gstatic.com/images?q=tbn%3AANd9GcTwNIfPPsBkjI9ioCqY5uypw1wJiJruEU-__T81b7ndwMTScdNO&usqp=CAU
alex,jones,alex.com,alexjones,https://ichef.bbci.co.uk/news/1024/branded_news/03BA/production/_102845900_7f45c40b-128e-4c1c-9790-38cd3ff0d8a7.jpg
leo,nardo,leo.com,leonardo,"data:image/jpeg;base64,/9j/4AAQSkZJRgABAQAAAQABAAD/2wCEAAkGBxISEhUSEhMVFRIVFRUVFRUVFhUVFxUVFRUWFhUVFhUYHSggGBolGxUWITEiJSkrLi4uFx8zODMsNygtLisBCgoKDg0OGhAQGi8dHx8tLSstLS0tLS0tLS0rLS0tLS0tLSstLS0tKy0tLS0tLS0tLS0tLS0rLS0tLSstLS0rLf/AABEIARMAtwMBIgACEQEDEQH/xAAcAAAABwEBAAAAAAAAAAAAAAAAAQIDBAUGBwj/xABEEAABAwIDBAgCBwcCBQUAAAABAAIRAyEEBTESQVFhBgcTInGBkaEysRRScoLB0fAjM0JiouHxkrIIFXOjwiRDU5Oz/8QAGQEAAwEBAQAAAAAAAAAAAAAAAAECAwQF/8QAJBEBAQACAwACAgMAAwAAAAAAAAECEQMhMQQSQWETIlEycYH/2gAMAwEAAhEDEQA/AOVBqUGpYalAL0NOUiEoBL2UprUy2QAjATmyjDUaGzcIwE5sobKeiIhCEvZR7KAbhCE5ARCOKW4eqRsooTuykkJkbIRQndlJ2UaBuEmE6WpJakrZshEQnCERCWgZIREJyEkhIzZaglQjQEgBGAlNSwFekEhqUAlBGAgCRgJQCVCeiIhMV8S1tt6GMr7Nm/F8vFVLtbmT/L+JK5ubm+vUdHFxfbup5xzfrR4CfmkfS6Zs5xnjom8JgC/WQOMt1U//AJIeRtIJ0PI8D76Lhz5N/wDKuzDj15EOmwG7e94H8LfNTcFSBOy6Q7g4RPK5g+RT+HywsvFtSCecEKyolhbsvBLdOcSNl3iJ+fKMssmuGKK7LhPddski0gwSNwnTw9lHqUHt1AIOhaZT7aTmhwmW2idD+VvRO4arq0jmDrz9Y9Y4iTWHNyYeUs+Ljz9mkEtSdlS8bScG7TRMa+G6/KFEpVQ4SPTePFenw8+PJP287l4bx39ElqKE4QihbMTRaiLU4QiIQDJCSQnSEkhJRqEScIRpaB4NSwEoBLAWmkm4RgJxGAmWyAFHx2LFMfzHQfieSlws7in7b3Em0wPAaLHmz+uPX5acWH2pRpudqZJO7nz3q+yrI9oAuHpr6JzorlXaOEzAO/RdMy7LmtAsLLxuXl109jg4ft2y2H6OCO62OcH5oqeSvBO7yEHjI0XQqOHCk08K3hPiuacn+uu8HXTnFTK3TIbfeNQfL9eybflkiY5EaEboI3+K6dVy2m4QWhVjspi2vA+G6Vc5Gd4XPBl5lzb6R6XH4JuplxB0Oq6RhsmaCSWi6GIytmsBF5IJwVizlwFMm126e/4+ywOOoOpv2m2+RXZ8VhBEC0cFhOkmSm5b+vFXxclmSOfh/qz7H7QBG9Gi6O0mdt2NWQHSRycL+4B9lMzLDtpvIaZC9vi5Pvjt4nJh9LpEhJIRlEtWZJakFqdSCkCIRI0ElJaUEAlBaMxIwgjKAaxFTZY48AT7KhwLZKts2MUneQ9woGVAyFxfKvbr+NHRei+GDGaX9/7LaYWIsst0Yw3d19oWlwR2TC8Xk7e7w9RYMCl0lFYFNorOR0W9HWhCE+xoSSFp9WH27MOamarFMKjVVNi8clNiWXVJnNCQtDiRdU2ZjQc08Tz7jk3SAOpvsIIMzwP5KQKge1rh/EAfzVj03w+ySQDxnWFU5RSJpNI5/Mr1/hZb6eF8zHVOoQnRSJ3InUXATBXe4TJCIhLcISUgQWoIyggJACVCJGrSCEI0EBBzj935j5qHlOskTcEDQE7pKnZr+7PiD7odFsIaj7bt/wCXNcHy727fjTp0jow0xJ/IDkBuWgNOCCFV5KAGgDQBWj67W2JA8V5GXr3OPxOpqVRlUzM5pN1cAOJ3qVh89w50qN9YPoo1V/eLliUUMNVpvEtcD4FLey4utNMftNmnBR6gU/sbSq7MMdTpAl7tN2pU3GqxziBimXVTim94ck1mPSyk0wGvJ0s2b/rdzUCp0gYYJtPHunnYgfJExsO8mNUPTal3Z5Ko6LH9neI/uVpOlWy+k4jTYJHkJWJympFO3Eg8jMwvS+D7p5Xzv9aau1oc0iIkz4J01GE7NrhV+UYKpXdstUzMOjeJp6CW6zvXo9ePP1VRmlMNdA03KGna5Mw7UJpNIiiRlBASEaSjlWkaNqJBBxuOkGUU34R9DsmtrtZtUXNEbUX2QecEEFYbog4ioBESTtSus0niu0EXY+nTuIkWm06EErJVssFPEGW7L5J/uvBlvcr3eTHuZRdUKmw2SCQBeFVmm6u8uLiG8CI95ErQ4MSAncVl4glo1ust9tvrbDOX5PRgB1/b3190eYZBhxBbUDSP4S4fIpihlbnOPaulsEBlwLiJMakKTl3R5tF3aQxw3tIGye7GnBVP+0ZSzzHf/pnAYXsXAh5j256ea1mHqbQBmVS4fBM7x0ZFm3gHcBO5ScpOz3dyzyrbCJuPxYptJJhZHHNbUO09wY073HZ9PVXmbtDns2tJuor8vbLmkNO0QQ+CdkAyACSjDsuSddRFwLMDT0qUnP8A5i2ZPI71Az3C0nizRfTZtPDRWmGyttIObIe1zS0hw2rEyZkmdyrsFlWwTE7E90HcOA4BXdTys8ZlZ/aaUDsM7sXsINmkCZ3jgVB6v8kFem4OkA1S6PstDR/5LX5vTDQeYVDk2Op4UtJMGLjxcXTH3l0/F7ycvyp9YuqvR+phqgfSjZ/iB+YVvi8+ohmy8jaIi6h0+mFGqC2bxvXO85dNVxmQTblyXozG5euC5THwrPmN7UuabOMxwVYUpyJbMCSEEZRICShCJGqSUECiRoDovV9jwcMabrljzHGLaIukoBrte27dmJ91k+huZilXNNxgVB3TwqDT1EhazPKlqQtNwTv5LxfkYXDmv7e3w5/fhn6PZW/vQVe0RKy+FfDxwIWiwtbcuTL12cd3E84Vp1CUKVMfwj0S6LpT4Y0DadolF5anqvrX0EAbkzh/iQzHES9rfhaRKLDuZtQClZVY6hGaiHAp/CVLQRbcm87LYFwRKLK60ks1Go5SiSwrqpbqTTuTTqQU00woOOdAsg5Iy+em8c1gukFdr8VULfhGy0fdaAfeVtc8rXtqJK5wKkvceLnH1K9L4OPe3k/Oy60ktROKMIEr1HlkokZRI0CSEECgkEhHCEIKkhCbrVITqjY3RKnFdiMaQ4FphzSCDwIMgraP6VMrsYZipbaaZsd8cQud19VKwtT14+C4ufCZ938O7gzuHU/Lq+Fq7RB5BXmHJBCxXRrGbTG30t/n1W4wwDmheVyTVerw3cW+HepJE3OmqraB0CzHSLpG7aNOnYDX1OvsVGM215MpjNr7PsdSgbW42IMeUqkwONo1XdyGP1a5trC0Oix8+IVCyg6qILwRI57nTO7f81L6OYbsahFRo2ALO2geeg8R6LWTTPeWXkW2Y1Nkh1Q7UCzTp4lS+jmZ03Ts2JN9L8I5aqp6UYntSBTEggAmRMSZWdpFzNrZJB3bpsfexRZuDeWF8dfdUsqnM60ArMdH+kj9ptKp3ge7J1ncfCPktBiBtNF959Asr1WmOcs6Y/pDV2WEnePmsDhqgk+K2nTStB2d2vpqsPgWr1PhePI+Z6tGlAhBqMlek88lEjKJAEUEEEgkQghKNNIk3iGyE6CiqaIOM1jGwUMI+/mPaVIzGndQ6DoNxK5s46cK0+Q19h2yZDXXv9YLo+UYzaAB0MfLRclouJAPC9twsdPS/JaTKekWyO/MjXSDbVeZy4behwcn19dMZXAHANmd9hZZDKsOX1y8NDmh5He4zEgabt9vRA51LS8WB/mi5tJjQXPokdHcwY1znSe8bAm0nSL34eUrGY2SujLOWxuOwYYLmxzgD5JynRpfXHsDqs/jM3DhDYkDU+F3E8VnswxtQwQ7SLC0Dz3n11Sm2v8ALZ43dajS3OaAJ1i9lEp0WNdIuTvj9cFhaWKqSNokh12/iJ9fdXT812GSbnx0I/Q9U7sv5bZ2iZl2f0lmwQAXtkjdJAn0laKtjIkfredVz3G4smqTv2gCRvMkh1vD5J/F5w6/1jI/MxzlO4WsJySbQOk2O7SoXbgYHhHDzVTgAl5gd0zaDHIaydd48keBavT+LNR5vybupgQKOEa7nIblElFEQkBSgihBASJRyihBNIwjSQm6uJa3U34BK2T05LfEbH0pCqW4febBWVfE7XJq6b0I6qBWY3EY4HZcA6nQBLbG4NQi8ngPPguTl5J+HThjZ65nlrZpueBZtr6Ta0ecpqqwce952vfT8F2rM+i+HbtUaNNraTe6ALbxtGfGdVyrP8ofhqzmPGgJa4mZYNI8rLkyjoxu1fh8U8a/DaxG8TbwtKk4XGQYBMGbnXeDZQnvI9dLAza9tClYV42raG2/gb8zEJfU5lV0zGEWnUxvsBsyZ9P8FTsNiAQWzMh0OIsXceXBUVapI7v8XDdMGdeY9EvDVjaLAG5/GDwsouLXHOrvE1BBi7RMbuVvQGPFV+NxTu8AZbaDcWdFp/FR6uNhpaOO/wDJM0a4iHCASQ/Q87DhYegSkGWWzVV5EXcLQLRAJ/IlNVnnaJ1ubjjJ/wAIVHmzgTAIjkbNseGqlZRlbq1QMEbrcvwiytntVYmtxsTP4f39VNweiT0pyd2GrFhMtI2m2IsSbX8FX4LFFhv8Py5hdfDlMeq5+WXJfBBJY+RIMhGu5yiKIo0RQBIIiEEAqrimN1cPDeor8zmzG+ZVWxkqSxsLkvNlfOnROKT3s8+u46nyFgmwOKRUqAfkmmS43WVu/WkmvGl6F5YMVjKNMiaYdt1BxazvQRwJgea9JvrOLCTDQAbC14sPBcx6o+jppN+kPHeqAbI4M1HqYPgAuo147OBwWOW7VTWlBgKO06OMyq3pz0R+l04FqjLsO64uPkr3Kqfftun5q+ZS4qqmXVeSszwjqbnMILXscQ5p1Bi/hNioFGqAOdj6HxsvRvWD0AbjW9rR2WYho1ItUGuy6PY3hcGzfIq2GqGlWpmm7gRYjiHcNP7KPGnqs+maW0+UFLZi4jhv/t5WQbgrf2Uj/l1huvv56HwSpww/EbRLjxJ3x4BKq4gkgA20MTqfyUiplztmwkcRce25aPoj0OqYioBs2sNCAB9Yn9aIgVWRZFWxNmNmOUwfDwIXXOh/RL6Mzaf8ZA87mPILadG+jtLCUwxgEx3nfWdv/BSsfR4eScibl/jz11uu/wDWhv1aTfcuP5LCFajp7ju2zDEumWtqGm3kKQFMx95pPmszUZC1QcwmLdT0uN4VzRxbXiR6FUEJ7Dug8t61w5bijLCVfEopUJlQjenm1xvXRjy439MsuOw6SgiBQWrNRSQZH+U66vwTRckkrzXaMla3q/yEYrFMpuE0wDUqfZbu8yQPNZOg2SF27qYywNo1q51qOFNv2WXPq4/0oDo2VYeBMQNB5KxqUpaeQSabO6IR9oYI5LOUWIOWd1zvFWtN6r3Mh0qZSNpTI72iocXTwWYsLT2NemCQYIeSRYxsmWxx/DXk/W51hOq1H4HCvig0llZ7Teq8GHUwf/jBsfrEHdrzbBVHMeHscWvGjmktcDycLhVMNwb07/X6vMuqO2abHsP8pMW1jbtN+JVnlfV1l1Nsdj2mt6l3C+kiI8oC5jkPWJj6dJ9IObUfHcqVWlzmc5Hxb/im5m4sbrq86buo4g0cXXdUbiHyXvP7uqYAvuYbCNBYiBKP4rOz+9826HjuhuFeIZTbT+y0R5jep2TZIzDiG3NrwBpwhWZKCjQ2EKLmWIbSpVKrtKbHP/0gn8FKWN62sw7LLMR/MwU//tc2n8nFMnmpzy8l7vicS4+LjJ9yie2UpgRwttEhkQnaYkJyoyUikwqdGfoukRvCclN0qcXSymCg7ggkhBPdLUVqBQSSszTME3evRvQTBGng8M2Imkxx8XjbPuV53wTCRA1Nh52XrDLMMGNa0D4Who8gAll4cTmNRvYjalqMTqBUEkc069pjZGm/cY3xzPsE6Kd/A/NOtEKkvKXWNkgweOrU2N2aTndpSHBjr7I5B20PIKJltHbgfr9fmuuf8Q+VB2Hw+JDe+yoaTiPqPYXCfBzP6ly3KYp915DXgWaSJn9QtcCqf2Qpad55hrGj+JzrNHnMLpuH6msOWg1cTUdUIG1DaezMXABBtPNZLqrwf0rNGFwlmHY+tG7bsymOd3l3i1d7q4cO5eCM8u9QSIeT4Y0KbKDqjquy2G1HxtOA/hdGpA0OpA3kEmxhQ6mBJ0cfyO4hSaRMQ7X581kZa5T1+Y8NwlCiD3q1bbI/kpNP/k+muo4pxDTGpt+vJee+unNTWzAUpkYek1scH1P2jv6TT9E56GEYEoowkuWqTbk5TO5JSmJGdREImu9EtBkI0oIICnBRIpQlQF30dG1WpN41aQ9ajQvWdALyFl9d1P8AaM+Nha9v2mnaHuAvXeX121KbKjfhe1rx4OAI+aWRxJASXtO5OIKNDaLtvG5KG0VITWMxLaVN9R5hjGue48GtBJPoFROSdeuf7LaOAYZfUc2rW5U2u/ZtP2nAnwZzXNs0oNcBI3axyQ6TZk7E4p+IqfHVftRPwiwawHk0AeSkY6nLAb85W+OOom3trv8Ah9r024nF0zPaupscz7DHOD483sXb3VCNQvN3VjiDRzbDOBhr3OpP5ioxzQP9ewfJej67CVllOzhxtQFKlQS4hAPKk0x5G9eVOmOMFfMMXVGjsRUA5tYezafRgXpLNcUadGrVNm06b3kncGNLifZeVMPJEu1NyeZ1KrEqdKS5KKSVoQoQajSgEjgSltSIvHD5paAOUElGkFKUJQSSpNZYLRekeqDM+3yyiD8VDaoO5dme5/2yxea8C5de6g812a2IwhNqjW12D+Zh2KnmQ5n+kpZeHHbAjRBGFOyBYTrezXssIygD3sRUDT/02d9/vsN+8t2uD9cmfA5myjPdw9ENPKpVh7v6RSV4+lfGAzJ04gAboV7VZLBp7rPMANUuG82Wnvsa7h/FZdGP5RUPI+5i8M7e3E4c6cKrCb+q9QLzDRGzUY/hUpu14PafwXp9Y8k7ViTshEaYS0FmphuuTMxQyqs0WdXLKDee2Zf/ANtr152ptsuo9febipiKGEaZ7Fpq1Pt1IbTHiGhx8KgXMoV4lSCElKKJURKVMIggbmOCDg2BLKSiJQYygkyiSCoBQKU9sJKkJOEfBWs6DZr9FzDC1iYb2gY/7FX9m4nkNra+6sbRKshdsckw9howqXobmv0rA4auTLn0m7f/AFGjZqf1ByuQszG9wAJNgBJPADVeSelGLOJxVbEk/var3jk0nuDyYGjyXo/rLzP6PluIcCQ57RSbGs1SGSPAFx8l5nqAz4LTCJpWX0zK1NA92+8cj/lZ7Lx3lfUN3pprH68Vviim8eNlhPATpw3+y9NtdK8zZkB2NTT4Hbjw916Uwr+63wHyWfN+DwPInvAEkwElz+CxfWrnf0XL6kOirX/YU4sZeDtuHCGbRnjCxW4LnWYnE4mtiSZ7aq94+yT3B5N2R5KGiJgJMrVJSIhFKG0gCcYSQU09xPgEiSkcSC9I2kyXJJekaRtIKNtoIBkiQmU81N1BBSANVhh3quUnDvTDvvUHmm3ha2GJvQq7bRwp1hP+9tT1XUgvOXU5m/YZmxhPcxDHUTw2vjpk+bNn769FAqL6ccu69cb3MNhx/E59Z33BsMt993ouLHVdD628f2mZ1GA/uaNKlE6Eg1T/APqPRc/i5W2M/rEX0/gm39lbNMeR4FVeDsSrCm8E/wCffktcU0/jDNN44sdvP1TxXpTBiabDxY3/AGheaKzu68b9k7yNy9JZU+aNLnTZ/tCz5vweCVsLz51x56cTmBotP7LCjsxwNR0Oqu9dlv3Cu59Is3ZhMNWxL/hpMc6PrO/haOZcQPNeUqlZz3OqPMve5z3ni95LnHzJKyxVROKSCkvciBVkclM1H7vVB70ltPjqkY0TkCwfqU2Wj9EoAyUglEQP0SkEfqSkYOcgm3lBAKairaIIJA2E9SKCCAtctquZXoPaYc2tSIPAio0gr1ygglkbzX05eTmmMk/++R5BjQPYBUIF0EFtj4ipGFbY+B+SdoOM6nQIIKok/Wce8N2wfkvS2T/uKP8A0qf+wIILPlVi571/V3NwVFgJDX4loePrBtOo4A/eAPkFw3cggpx8OmnIBBBMiG/EnEEEAglIJQQRThBSHIkEjNPQQQSD/9k="
Zan,vitoria,zan.com,vitoria,https://www.marcolin.com/Brand-ADV/FW20-21/image-thumb__96771__brandHeroSlide/VS%20%285%29@2x.jpeg
Htet,htetlin,mmh.zwelab.com,htetlinn,https://scontent.frgn7-1.fna.fbcdn.net/v/t1.0-9/52451621_833598716978808_2414678043135049728_n.jpg?_nc_cat=100&_nc_sid=8bfeb9&_nc_eui2=AeHDskJa7jVhp17lUec1eJJ4gCjcAd1Fit-AKNwB3UWK3-i67ra8PSdtBUg_tLGm-NnyC6t2cnpOdUG32tWvFgrf&_nc_ohc=JTVcDMyDyykAX-mFpV4&_nc_ht=scontent.frgn7-1.fna&oh=fd24b82e18649d21f014bf33b8fef687&oe=5F2327BE
Linn,linnhtet,lln.com,linnhtet,https://scontent.fmdl4-2.fna.fbcdn.net/v/t1.0-9/38614873_211321719539913_1966402531105964032_o.jpg?_nc_cat=104&_nc_sid=174925&_nc_eui2=AeG6l82kx4s385TgpBUXqsENaQ56zW76lRlpDnrNbvqVGUSzO-aR2DG60DYnU1qTSHmfUTLfYQ6XT5Eu_TCNKap9&_nc_ohc=AVOW04gBmmgAX86_jl0&_nc_ht=scontent.fmdl4-2.fna&oh=627caa1f3eb04e64e8abf5c2984ed47c&oe=5F2275C6
"Thaw ",Dar,thawdar.com,thawthaw,https://pbs.twimg.com/profile_images/1100614613002055680/A-JCQylO_400x400.jpg
